{
  "status": true,
  "html": {
    "logo": "",
    "sites": [
      {
        "url": "https://cutt.ly/zeWjuSU7",
        "desc": [
          "SAĞ ALTTAN WHATSAPP BUTONUNA TIKLA"
        ],
        "site": "tipobet",
        "sort": null,
        "color": "#0f853d",
        "miktar": "₺750",
        "promo_code_yok": "ANINDA CANLI DESTEĞE YAZ, HEMEN BİLGİ AL",
        "slider_img": ""
      },
      {
        "url": "https://cutt.ly/ZeTU346R",
        "desc": [
          "SAĞ ALTTAN WHATSAPP BUTONUNA TIKLA"
        ],
        "site": "matadorbet",
        "sort": null,
        "color": "#fb0009",
        "miktar": "₺500",
        "promo_code_yok": "ANINDA CANLI DESTEĞE YAZ, HEMEN BİLGİ AL",
        "slider_img": ""
      },
      {
        "url": "https://cutt.ly/3eWjex1n",
        "desc": [
          "SAĞ ALTTAN WHATSAPP BUTONUNA TIKLA"
        ],
        "site": "betturkey",
        "sort": null,
        "color": "#ffdd3a",
        "miktar": "₺500",
        "promo_code_yok": "ANINDA CANLI DESTEĞE YAZ, HEMEN BİLGİ AL",
        "slider_img": ""
      },
      {
        "url": "https://cutt.ly/LeRHmhPx",
        "desc": [
          "SAĞ ALTTAN WHATSAPP BUTONUNA TIKLA"
        ],
        "site": "ligobet",
        "sort": null,
        "color": "#107f40",
        "miktar": "₺500",
        "promo_code_yok": "ANINDA CANLI DESTEĞE YAZ, HEMEN BİLGİ AL",
        "slider_img": ""
      },
      {
        "url": "https://cutt.ly/0eWjdZvc",
        "desc": [
          "SAĞ ALTTAN WHATSAPP BUTONUNA TIKLA"
        ],
        "site": "onwin",
        "sort": null,
        "color": "#b910a1",
        "miktar": "₺750",
        "promo_code_yok": "ANINDA CANLI DESTEĞE YAZ, HEMEN BİLGİ AL",
        "slider_img": ""
      },
      {
        "url": "https://cutt.ly/HeoHTjmw",
        "desc": [
          "SAĞ ALTTAN WHATSAPP BUTONUNA TIKLA"
        ],
        "site": "zbahis",
        "sort": null,
        "color": "#48effa",
        "miktar": "₺1.000",
        "promo_code_yok": "ANINDA CANLI DESTEĞE YAZ, HEMEN BİLGİ AL",
        "slider_img": ""
      },
      {
        "url": "https://cutt.ly/ReWTMNeL",
        "desc": [
          "SAĞ ALTTAN WHATSAPP BUTONUNA TIKLA"
        ],
        "site": "sahabet",
        "sort": null,
        "color": "#008000",
        "miktar": "₺500",
        "promo_code_yok": "ANINDA CANLI DESTEĞE YAZ, HEMEN BİLGİ AL",
        "slider_img": ""
      },
      {
        "url": "https://cutt.ly/uePUIygW",
        "desc": [
          "SAĞ ALTTAN WHATSAPP BUTONUNA TIKLA"
        ],
        "site": "fixbet",
        "sort": null,
        "color": "#adf01f",
        "miktar": "₺555",
        "promo_code": null,
        "promo_code_yok": "ANINDA CANLI DESTEĞE YAZ, HEMEN BİLGİ AL",
        "slider_img": ""
      },
      {
        "url": "https://cutt.ly/xeczedxW",
        "desc": [
          "SAĞ ALTTAN WHATSAPP BUTONUNA TIKLA"
        ],
        "site": "bankobet",
        "sort": null,
        "color": "#ff1376",
        "miktar": "₺1.111",
        "promo_code_yok": "ANINDA CANLI DESTEĞE YAZ, HEMEN BİLGİ AL",
        "slider_img": ""
      },
      {
        "url": "https://cutt.ly/keo8NToQ",
        "desc": [
          "SAĞ ALTTAN WHATSAPP BUTONUNA TIKLA"
        ],
        "site": "betkom",
        "sort": null,
        "color": "#1fe0ff",
        "miktar": "₺600",
        "promo_code_yok": "ANINDA CANLI DESTEĞE YAZ, HEMEN BİLGİ AL",
        "slider_img": ""
      },
      {
        "url": "https://cutt.ly/ueowClVB",
        "desc": [
          "SAĞ ALTTAN WHATSAPP BUTONUNA TIKLA"
        ],
        "site": "tarafbet",
        "sort": null,
        "color": "#178b42",
        "miktar": "$100",
        "promo_code_yok": "ANINDA CANLI DESTEĞE YAZ, HEMEN BİLGİ AL",
        "slider_img": ""
      },
      {
        "url": "https://cutt.ly/Qeo801pi",
        "desc": [
          "SAĞ ALTTAN WHATSAPP BUTONUNA TIKLA"
        ],
        "site": "bahiscom",
        "sort": null,
        "color": "#00c683",
        "miktar": "₺600",
        "promo_code_yok": "ANINDA CANLI DESTEĞE YAZ, HEMEN BİLGİ AL",
        "slider_img": ""
      },
      {
        "url": "https://cutt.ly/peo801FJ",
        "desc": [
          "SAĞ ALTTAN WHATSAPP BUTONUNA TIKLA"
        ],
        "site": "mariobet",
        "sort": null,
        "color": "#f16227",
        "miktar": "₺600",
        "promo_code_yok": "ANINDA CANLI DESTEĞE YAZ, HEMEN BİLGİ AL",
        "slider_img": ""
      },
      {
        "url": "https://cutt.ly/aeWjr2GJ",
        "desc": [
          "SAĞ ALTTAN WHATSAPP BUTONUNA TIKLA"
        ],
        "site": "xslot",
        "sort": null,
        "color": "#2dbcb4",
        "miktar": "₺500",
        "promo_code_yok": "ANINDA CANLI DESTEĞE YAZ, HEMEN BİLGİ AL",
        "slider_img": ""
      },
      {
        "url": "https://cutt.ly/SeWjx1hg",
        "desc": [
          "SAĞ ALTTAN WHATSAPP BUTONUNA TIKLA"
        ],
        "site": "starzbet",
        "sort": null,
        "color": "#ff6d00",
        "miktar": "₺750",
        "promo_code_yok": "ANINDA CANLI DESTEĞE YAZ, HEMEN BİLGİ AL",
        "slider_img": ""
      }
    ],
    "social": {
      "kick": null,
      "skype": null,
      "twitch": null,
      "discord": null,
      "twitter": null,
      "youtube": null,
      "facebook": null,
      "telegram": null,
      "instagram": null
    },
    "cdn_url": "https://kayitolhemenkazan.com/",
    "is_slider": true,
    "background": null,
    "categories": [
      {
        "id": 1705945072794,
        "svg": "<svg xmlns=\"http://www.w3.org/2000/svg\" xmlns:xlink=\"http://www.w3.org/1999/xlink\" width=\"800px\" height=\"800px\" viewBox=\"0 0 64 64\" aria-hidden=\"true\" role=\"img\" preserveAspectRatio=\"xMidYMid meet\" class=\"iconify iconify--emojione\"><path d=\"M52.9 42.9C51.4 32.4 42.6 24.4 32 24.4c-10.6 0-19.4 8-20.9 18.4h41.8z\" fill=\"#428bc1\"></path> <path d=\"M61.8 22.9c-.4-1.8-1.5-3.2-3.1-4.1c-.7-.4-1.5-.6-2.3-.7c-.7-.1-1.4 0-2.1.2c-1.2.3-2.4.9-3.5 1.4c-1.5.7-2.9 1.4-4.2 1.4v4.6c2.3 0 4.4-1 6.2-1.9c1.9-.9 3.1-1.5 3.8-1.1c.5.3.8.7.9 1.2c.1.6.1 1.4-.1 2.3c-.2 1-.7 2.1-1.3 3.4c-1.2 2.5-2.8 4.9-4 6.7c-.4.7-.8 1.3-1.1 1.7l-.3.6c0 .1-.1.1-.1.2h-37c0-.1-.1-.1-.1-.2l-.3-.6c-.3-.5-.7-1.1-1.1-1.7c-1.2-1.8-2.8-4.2-4-6.7c-.6-1.3-1-2.4-1.3-3.4c-.2-1-.3-1.8-.1-2.3c.1-.5.4-.9.9-1.2c.7-.4 1.9.1 3.8 1.1c1.8.9 3.8 1.9 6.2 1.9v-4.6c-1.3 0-2.7-.7-4.2-1.4c-1.1-.6-2.3-1.1-3.5-1.4c-.9-.2-1.6-.3-2.3-.2c-.8.1-1.6.3-2.3.7c-1.6.9-2.7 2.4-3.1 4.1c-.5 2.3 0 5.2 1.8 8.8c1.3 2.7 3 5.3 4.3 7.2c.4.6.8 1.2 1 1.6c.1.2.2.4.4.6c.6.9 1 1.6 1.2 2.4v11.3c-.3 0-.5.2-.5.6c0 .3.2.6.5.6h42.3c.3 0 .5-.2.5-.6c0-.3-.2-.6-.5-.6V43.6c.3-.8.7-1.5 1.2-2.4c.1-.2.2-.4.4-.6c.2-.4.6-1 1-1.6c1.2-1.9 2.9-4.5 4.3-7.2c1.7-3.6 2.2-6.5 1.7-8.9\" fill=\"#f2b200\"></path> <path d=\"M32.9 27.2c.5 1.6-2 4-5.6 5.2c-3.6 1.3-7 1-7.6-.6c-.5-1.6 2-4 5.6-5.2s7-1 7.6.6\" fill=\"#42ade2\"></path> <path fill=\"#ffdd7d\" d=\"M29.6 44.6h4.8v10.8h-4.8z\"></path> <path fill=\"#ffce31\" d=\"M37.8 44.6h4.8v10.8h-4.8z\"></path> <path fill=\"#ffffff\" d=\"M34.4 44.6h3.4v10.8h-3.4z\"></path> <path fill=\"#ffce31\" d=\"M46 44.6h3.4v10.8H46z\"></path> <path fill=\"#f2b200\" d=\"M10.8 44.6h3.4v10.8h-3.4z\"></path> <path fill=\"#ffce31\" d=\"M14.6 44.6h6.6v10.8h-6.6z\"></path> <g fill=\"#f2b200\"><path d=\"M28.4 34.9c0 1.5-2.7 5.3-2.7 5.3S23 36.4 23 34.9s1.2-2.7 2.7-2.7s2.7 1.2 2.7 2.7\"></path> <path d=\"M40.9 34.9c0 1.5-2.7 5.3-2.7 5.3s-2.7-3.8-2.7-5.3s1.2-2.7 2.7-2.7c1.5 0 2.7 1.2 2.7 2.7\"></path></g> <path fill=\"#66caf2\" d=\"M38.3 12.6H25.7l3-4.7h6.4z\"></path> <g fill=\"#ffce31\"><path d=\"M12.1 32.8c2.4-2.3 7.2-3.5 10.4-2.6c-2.5 2.3-7.2 3.5-10.4 2.6\"></path> <path d=\"M52.1 32.8c-3.2.9-8-.3-10.4-2.6c3.2-.9 8 .3 10.4 2.6\"></path> <path d=\"M26.6 30.1c2.9-1.7 7.8-1.7 10.7 0c-2.9 1.7-7.7 1.7-10.7 0\"></path></g> <path fill=\"#428bc1\" d=\"M33 7.9l1.1 4.7h4.2l-3.2-4.7z\"></path> <path fill=\"#42ade2\" d=\"M33 7.9h-2.2l-.9 4.7h4.2z\"></path> <path fill=\"#66caf2\" d=\"M30.8 7.9l-.9 4.7h-4.2l3-4.7z\"></path> <path d=\"M11.5 41.7c6.8-.5 13.7-.6 20.5-.6c6.8 0 13.7.1 20.5.6c-6.8.5-13.7.6-20.5.6c-6.8-.1-13.7-.1-20.5-.6\" fill=\"#ffdd7d\"></path> <g fill=\"#428bc1\"><path d=\"M10.8 44.6h42.3v1.1H10.8z\"></path> <ellipse cx=\"10.8\" cy=\"45.1\" rx=\".5\" ry=\".6\"></ellipse> <ellipse cx=\"53.2\" cy=\"45.1\" rx=\".5\" ry=\".6\"></ellipse></g> <path d=\"M50.7 20.4c-.3-1.1-.7-2.1-1.4-3c-.7-.9-1.5-1.7-2.6-2.3c-.8-.4-1.6-.7-2.5-.8c-.7-.1-1.5 0-2.3.2c-1.3.3-2.6 1-3.9 1.6c-.3.2-.7.3-1.1.5c.8-1.6 1.3-3.1 1.3-4.1H25.7c0 1 .5 2.5 1.3 4.1c-.4-.2-.7-.3-1.1-.5c-1.3-.6-2.6-1.3-3.9-1.6c-.8-.2-1.6-.3-2.3-.2c-.9.1-1.7.3-2.5.8c-1 .6-1.9 1.4-2.6 2.3c-.6.9-1.1 1.9-1.4 3c-.7 2.9-.3 6.6 1.3 10.9c1.2 3.4 2.8 6.2 3.5 7.6h5.3c-.2-.4-.5-.8-.7-1.2c-.1-.2-.3-.4-.4-.6c-2.1-3.4-5.7-11.1-4.6-15.5c.3-1.1.8-1.9 1.8-2.4c.3-.2.7-.3 1.6-.1c.9.2 1.9.7 3 1.3c1.7.9 3.6 1.8 5.7 2.1V39h4.5V22.5c2.1-.3 4-1.2 5.8-2.1c1.1-.5 2.1-1.1 3-1.3c.9-.2 1.3-.1 1.6.1c.9.5 1.5 1.3 1.8 2.4c1.1 4.4-2.5 12-4.6 15.5c-.1.2-.3.4-.4.6c-.3.4-.5.8-.7 1.2H46c.8-1.3 2.3-4.2 3.5-7.6c1.5-4.3 1.9-8 1.2-10.9\" fill=\"#ffce31\"></path> <path d=\"M32 17.1c-1.7 0-3.2-.7-4.4-1.7c.3 2.2 2.1 3.9 4.4 3.9c2.2 0 4.1-1.7 4.4-3.9c-1.2 1.1-2.7 1.7-4.4 1.7\" fill=\"#f2b200\"></path></svg>",
        "grid": "1",
        "name": "Sol Fix",
        "sort": "1",
        "sites": [
          {
            "site": "pradabet",
            "sort": "1"
          }
        ]
      },
      {
        "id": 1705945082063,
        "svg": "<svg xmlns=\"http://www.w3.org/2000/svg\" xmlns:xlink=\"http://www.w3.org/1999/xlink\" width=\"800px\" height=\"800px\" viewBox=\"0 0 64 64\" aria-hidden=\"true\" role=\"img\" preserveAspectRatio=\"xMidYMid meet\" class=\"iconify iconify--emojione\"><path d=\"M52.9 42.9C51.4 32.4 42.6 24.4 32 24.4c-10.6 0-19.4 8-20.9 18.4h41.8z\" fill=\"#428bc1\"></path> <path d=\"M61.8 22.9c-.4-1.8-1.5-3.2-3.1-4.1c-.7-.4-1.5-.6-2.3-.7c-.7-.1-1.4 0-2.1.2c-1.2.3-2.4.9-3.5 1.4c-1.5.7-2.9 1.4-4.2 1.4v4.6c2.3 0 4.4-1 6.2-1.9c1.9-.9 3.1-1.5 3.8-1.1c.5.3.8.7.9 1.2c.1.6.1 1.4-.1 2.3c-.2 1-.7 2.1-1.3 3.4c-1.2 2.5-2.8 4.9-4 6.7c-.4.7-.8 1.3-1.1 1.7l-.3.6c0 .1-.1.1-.1.2h-37c0-.1-.1-.1-.1-.2l-.3-.6c-.3-.5-.7-1.1-1.1-1.7c-1.2-1.8-2.8-4.2-4-6.7c-.6-1.3-1-2.4-1.3-3.4c-.2-1-.3-1.8-.1-2.3c.1-.5.4-.9.9-1.2c.7-.4 1.9.1 3.8 1.1c1.8.9 3.8 1.9 6.2 1.9v-4.6c-1.3 0-2.7-.7-4.2-1.4c-1.1-.6-2.3-1.1-3.5-1.4c-.9-.2-1.6-.3-2.3-.2c-.8.1-1.6.3-2.3.7c-1.6.9-2.7 2.4-3.1 4.1c-.5 2.3 0 5.2 1.8 8.8c1.3 2.7 3 5.3 4.3 7.2c.4.6.8 1.2 1 1.6c.1.2.2.4.4.6c.6.9 1 1.6 1.2 2.4v11.3c-.3 0-.5.2-.5.6c0 .3.2.6.5.6h42.3c.3 0 .5-.2.5-.6c0-.3-.2-.6-.5-.6V43.6c.3-.8.7-1.5 1.2-2.4c.1-.2.2-.4.4-.6c.2-.4.6-1 1-1.6c1.2-1.9 2.9-4.5 4.3-7.2c1.7-3.6 2.2-6.5 1.7-8.9\" fill=\"#f2b200\"></path> <path d=\"M32.9 27.2c.5 1.6-2 4-5.6 5.2c-3.6 1.3-7 1-7.6-.6c-.5-1.6 2-4 5.6-5.2s7-1 7.6.6\" fill=\"#42ade2\"></path> <path fill=\"#ffdd7d\" d=\"M29.6 44.6h4.8v10.8h-4.8z\"></path> <path fill=\"#ffce31\" d=\"M37.8 44.6h4.8v10.8h-4.8z\"></path> <path fill=\"#ffffff\" d=\"M34.4 44.6h3.4v10.8h-3.4z\"></path> <path fill=\"#ffce31\" d=\"M46 44.6h3.4v10.8H46z\"></path> <path fill=\"#f2b200\" d=\"M10.8 44.6h3.4v10.8h-3.4z\"></path> <path fill=\"#ffce31\" d=\"M14.6 44.6h6.6v10.8h-6.6z\"></path> <g fill=\"#f2b200\"><path d=\"M28.4 34.9c0 1.5-2.7 5.3-2.7 5.3S23 36.4 23 34.9s1.2-2.7 2.7-2.7s2.7 1.2 2.7 2.7\"></path> <path d=\"M40.9 34.9c0 1.5-2.7 5.3-2.7 5.3s-2.7-3.8-2.7-5.3s1.2-2.7 2.7-2.7c1.5 0 2.7 1.2 2.7 2.7\"></path></g> <path fill=\"#66caf2\" d=\"M38.3 12.6H25.7l3-4.7h6.4z\"></path> <g fill=\"#ffce31\"><path d=\"M12.1 32.8c2.4-2.3 7.2-3.5 10.4-2.6c-2.5 2.3-7.2 3.5-10.4 2.6\"></path> <path d=\"M52.1 32.8c-3.2.9-8-.3-10.4-2.6c3.2-.9 8 .3 10.4 2.6\"></path> <path d=\"M26.6 30.1c2.9-1.7 7.8-1.7 10.7 0c-2.9 1.7-7.7 1.7-10.7 0\"></path></g> <path fill=\"#428bc1\" d=\"M33 7.9l1.1 4.7h4.2l-3.2-4.7z\"></path> <path fill=\"#42ade2\" d=\"M33 7.9h-2.2l-.9 4.7h4.2z\"></path> <path fill=\"#66caf2\" d=\"M30.8 7.9l-.9 4.7h-4.2l3-4.7z\"></path> <path d=\"M11.5 41.7c6.8-.5 13.7-.6 20.5-.6c6.8 0 13.7.1 20.5.6c-6.8.5-13.7.6-20.5.6c-6.8-.1-13.7-.1-20.5-.6\" fill=\"#ffdd7d\"></path> <g fill=\"#428bc1\"><path d=\"M10.8 44.6h42.3v1.1H10.8z\"></path> <ellipse cx=\"10.8\" cy=\"45.1\" rx=\".5\" ry=\".6\"></ellipse> <ellipse cx=\"53.2\" cy=\"45.1\" rx=\".5\" ry=\".6\"></ellipse></g> <path d=\"M50.7 20.4c-.3-1.1-.7-2.1-1.4-3c-.7-.9-1.5-1.7-2.6-2.3c-.8-.4-1.6-.7-2.5-.8c-.7-.1-1.5 0-2.3.2c-1.3.3-2.6 1-3.9 1.6c-.3.2-.7.3-1.1.5c.8-1.6 1.3-3.1 1.3-4.1H25.7c0 1 .5 2.5 1.3 4.1c-.4-.2-.7-.3-1.1-.5c-1.3-.6-2.6-1.3-3.9-1.6c-.8-.2-1.6-.3-2.3-.2c-.9.1-1.7.3-2.5.8c-1 .6-1.9 1.4-2.6 2.3c-.6.9-1.1 1.9-1.4 3c-.7 2.9-.3 6.6 1.3 10.9c1.2 3.4 2.8 6.2 3.5 7.6h5.3c-.2-.4-.5-.8-.7-1.2c-.1-.2-.3-.4-.4-.6c-2.1-3.4-5.7-11.1-4.6-15.5c.3-1.1.8-1.9 1.8-2.4c.3-.2.7-.3 1.6-.1c.9.2 1.9.7 3 1.3c1.7.9 3.6 1.8 5.7 2.1V39h4.5V22.5c2.1-.3 4-1.2 5.8-2.1c1.1-.5 2.1-1.1 3-1.3c.9-.2 1.3-.1 1.6.1c.9.5 1.5 1.3 1.8 2.4c1.1 4.4-2.5 12-4.6 15.5c-.1.2-.3.4-.4.6c-.3.4-.5.8-.7 1.2H46c.8-1.3 2.3-4.2 3.5-7.6c1.5-4.3 1.9-8 1.2-10.9\" fill=\"#ffce31\"></path> <path d=\"M32 17.1c-1.7 0-3.2-.7-4.4-1.7c.3 2.2 2.1 3.9 4.4 3.9c2.2 0 4.1-1.7 4.4-3.9c-1.2 1.1-2.7 1.7-4.4 1.7\" fill=\"#f2b200\"></path></svg>",
        "grid": "1",
        "name": "Sağ Fix",
        "sort": "1",
        "sites": [
          {
            "site": "betzula",
            "sort": "1"
          }
        ]
      },
      {
        "id": 1705945093043,
        "svg": "<svg xmlns=\"http://www.w3.org/2000/svg\" xmlns:xlink=\"http://www.w3.org/1999/xlink\" width=\"800px\" height=\"800px\" viewBox=\"0 0 64 64\" aria-hidden=\"true\" role=\"img\" preserveAspectRatio=\"xMidYMid meet\" class=\"iconify iconify--emojione\"><path d=\"M52.9 42.9C51.4 32.4 42.6 24.4 32 24.4c-10.6 0-19.4 8-20.9 18.4h41.8z\" fill=\"#428bc1\"></path> <path d=\"M61.8 22.9c-.4-1.8-1.5-3.2-3.1-4.1c-.7-.4-1.5-.6-2.3-.7c-.7-.1-1.4 0-2.1.2c-1.2.3-2.4.9-3.5 1.4c-1.5.7-2.9 1.4-4.2 1.4v4.6c2.3 0 4.4-1 6.2-1.9c1.9-.9 3.1-1.5 3.8-1.1c.5.3.8.7.9 1.2c.1.6.1 1.4-.1 2.3c-.2 1-.7 2.1-1.3 3.4c-1.2 2.5-2.8 4.9-4 6.7c-.4.7-.8 1.3-1.1 1.7l-.3.6c0 .1-.1.1-.1.2h-37c0-.1-.1-.1-.1-.2l-.3-.6c-.3-.5-.7-1.1-1.1-1.7c-1.2-1.8-2.8-4.2-4-6.7c-.6-1.3-1-2.4-1.3-3.4c-.2-1-.3-1.8-.1-2.3c.1-.5.4-.9.9-1.2c.7-.4 1.9.1 3.8 1.1c1.8.9 3.8 1.9 6.2 1.9v-4.6c-1.3 0-2.7-.7-4.2-1.4c-1.1-.6-2.3-1.1-3.5-1.4c-.9-.2-1.6-.3-2.3-.2c-.8.1-1.6.3-2.3.7c-1.6.9-2.7 2.4-3.1 4.1c-.5 2.3 0 5.2 1.8 8.8c1.3 2.7 3 5.3 4.3 7.2c.4.6.8 1.2 1 1.6c.1.2.2.4.4.6c.6.9 1 1.6 1.2 2.4v11.3c-.3 0-.5.2-.5.6c0 .3.2.6.5.6h42.3c.3 0 .5-.2.5-.6c0-.3-.2-.6-.5-.6V43.6c.3-.8.7-1.5 1.2-2.4c.1-.2.2-.4.4-.6c.2-.4.6-1 1-1.6c1.2-1.9 2.9-4.5 4.3-7.2c1.7-3.6 2.2-6.5 1.7-8.9\" fill=\"#f2b200\"></path> <path d=\"M32.9 27.2c.5 1.6-2 4-5.6 5.2c-3.6 1.3-7 1-7.6-.6c-.5-1.6 2-4 5.6-5.2s7-1 7.6.6\" fill=\"#42ade2\"></path> <path fill=\"#ffdd7d\" d=\"M29.6 44.6h4.8v10.8h-4.8z\"></path> <path fill=\"#ffce31\" d=\"M37.8 44.6h4.8v10.8h-4.8z\"></path> <path fill=\"#ffffff\" d=\"M34.4 44.6h3.4v10.8h-3.4z\"></path> <path fill=\"#ffce31\" d=\"M46 44.6h3.4v10.8H46z\"></path> <path fill=\"#f2b200\" d=\"M10.8 44.6h3.4v10.8h-3.4z\"></path> <path fill=\"#ffce31\" d=\"M14.6 44.6h6.6v10.8h-6.6z\"></path> <g fill=\"#f2b200\"><path d=\"M28.4 34.9c0 1.5-2.7 5.3-2.7 5.3S23 36.4 23 34.9s1.2-2.7 2.7-2.7s2.7 1.2 2.7 2.7\"></path> <path d=\"M40.9 34.9c0 1.5-2.7 5.3-2.7 5.3s-2.7-3.8-2.7-5.3s1.2-2.7 2.7-2.7c1.5 0 2.7 1.2 2.7 2.7\"></path></g> <path fill=\"#66caf2\" d=\"M38.3 12.6H25.7l3-4.7h6.4z\"></path> <g fill=\"#ffce31\"><path d=\"M12.1 32.8c2.4-2.3 7.2-3.5 10.4-2.6c-2.5 2.3-7.2 3.5-10.4 2.6\"></path> <path d=\"M52.1 32.8c-3.2.9-8-.3-10.4-2.6c3.2-.9 8 .3 10.4 2.6\"></path> <path d=\"M26.6 30.1c2.9-1.7 7.8-1.7 10.7 0c-2.9 1.7-7.7 1.7-10.7 0\"></path></g> <path fill=\"#428bc1\" d=\"M33 7.9l1.1 4.7h4.2l-3.2-4.7z\"></path> <path fill=\"#42ade2\" d=\"M33 7.9h-2.2l-.9 4.7h4.2z\"></path> <path fill=\"#66caf2\" d=\"M30.8 7.9l-.9 4.7h-4.2l3-4.7z\"></path> <path d=\"M11.5 41.7c6.8-.5 13.7-.6 20.5-.6c6.8 0 13.7.1 20.5.6c-6.8.5-13.7.6-20.5.6c-6.8-.1-13.7-.1-20.5-.6\" fill=\"#ffdd7d\"></path> <g fill=\"#428bc1\"><path d=\"M10.8 44.6h42.3v1.1H10.8z\"></path> <ellipse cx=\"10.8\" cy=\"45.1\" rx=\".5\" ry=\".6\"></ellipse> <ellipse cx=\"53.2\" cy=\"45.1\" rx=\".5\" ry=\".6\"></ellipse></g> <path d=\"M50.7 20.4c-.3-1.1-.7-2.1-1.4-3c-.7-.9-1.5-1.7-2.6-2.3c-.8-.4-1.6-.7-2.5-.8c-.7-.1-1.5 0-2.3.2c-1.3.3-2.6 1-3.9 1.6c-.3.2-.7.3-1.1.5c.8-1.6 1.3-3.1 1.3-4.1H25.7c0 1 .5 2.5 1.3 4.1c-.4-.2-.7-.3-1.1-.5c-1.3-.6-2.6-1.3-3.9-1.6c-.8-.2-1.6-.3-2.3-.2c-.9.1-1.7.3-2.5.8c-1 .6-1.9 1.4-2.6 2.3c-.6.9-1.1 1.9-1.4 3c-.7 2.9-.3 6.6 1.3 10.9c1.2 3.4 2.8 6.2 3.5 7.6h5.3c-.2-.4-.5-.8-.7-1.2c-.1-.2-.3-.4-.4-.6c-2.1-3.4-5.7-11.1-4.6-15.5c.3-1.1.8-1.9 1.8-2.4c.3-.2.7-.3 1.6-.1c.9.2 1.9.7 3 1.3c1.7.9 3.6 1.8 5.7 2.1V39h4.5V22.5c2.1-.3 4-1.2 5.8-2.1c1.1-.5 2.1-1.1 3-1.3c.9-.2 1.3-.1 1.6.1c.9.5 1.5 1.3 1.8 2.4c1.1 4.4-2.5 12-4.6 15.5c-.1.2-.3.4-.4.6c-.3.4-.5.8-.7 1.2H46c.8-1.3 2.3-4.2 3.5-7.6c1.5-4.3 1.9-8 1.2-10.9\" fill=\"#ffce31\"></path> <path d=\"M32 17.1c-1.7 0-3.2-.7-4.4-1.7c.3 2.2 2.1 3.9 4.4 3.9c2.2 0 4.1-1.7 4.4-3.9c-1.2 1.1-2.7 1.7-4.4 1.7\" fill=\"#f2b200\"></path></svg>",
        "grid": "1",
        "name": "Kral Site",
        "sort": "1",
        "sites": [

        ]
      },
      {
        "id": 1705945105481,
        "svg": null,
        "grid": "1",
        "name": "Alt Fix",
        "sort": "1",
        "sites": [
          {
            "site": "mariobet",
            "sort": "1"
          },
          {
            "site": "betzula",
            "sort": "2"
          },
          {
            "site": "gonebet",
            "sort": "3"
          },
          {
            "site": "pradabet",
            "sort": "4"
          },
          {
            "site": "lionbet",
            "sort": "5"
          }
        ]
      },
      {
        "id": 1705945112098,
        "svg": "<svg xmlns=\"http://www.w3.org/2000/svg\" xmlns:xlink=\"http://www.w3.org/1999/xlink\" height=\"800px\" width=\"800px\" version=\"1.1\" id=\"Layer_1\" viewBox=\"0 0 512 512\" xml:space=\"preserve\"><polygon points=\"512,178.746 506.761,184.518 284.975,428.744 258.008,458.441 257.422,459.089   257.401,459.068 256.178,457.751 254.829,456.276 225.979,424.875 5.103,184.518 0,178.976 17.546,153.148 70.467,75.288   85.671,52.911 423.265,52.911 440.978,78.038 493.952,153.148 \" style=\"fill: rgb(133, 201, 255);\"></polygon> <polygon points=\"512,178.746 506.761,184.518 284.975,428.744 258.008,458.441 257.422,459.089   257.401,459.068 257.401,52.911 423.265,52.911 440.978,78.038 493.952,153.148 \" style=\"fill: rgb(0, 166, 255);\"></polygon> <path d=\"M493.952,153.148h-86.382l33.409-75.11l-17.714-25.127h-5.427l-42.329,95.156l-97.08-95.156h-42.046  l-100.018,93.347L94.842,52.911h-9.171L70.467,75.288l34.622,77.86H17.546L0,178.976l5.103,5.542H119.06l106.919,240.357  l28.85,31.401l1.349,1.474l1.223,1.318l0.021,0.021l0.586-0.648l26.968-29.697L393.62,184.518h113.141l5.239-5.772L493.952,153.148z   M257.401,76.229l0.01-0.01l77.85,76.93H174.396L257.401,76.229z M257.401,415.935L153.389,184.518h205.902L257.401,415.935z\" style=\"fill: rgb(215, 233, 255);\"></path> <polygon points=\"512,178.746 506.761,184.518 393.62,184.518 284.975,428.744 258.008,458.441   257.422,459.089 257.401,459.068 257.401,415.935 359.291,184.518 257.401,184.518 257.401,153.148 335.262,153.148 257.412,76.219   257.401,76.229 257.401,52.911 278.43,52.911 375.509,148.066 417.838,52.911 423.265,52.911 440.978,78.038 407.569,153.148   493.952,153.148 \" style=\"fill: rgb(187, 221, 255);\"></polygon></svg>",
        "grid": "2",
        "name": "Elmas Site",
        "sort": "3",
        "sites": [
          {
            "site": "tipobet",
            "sort": "1"
          },
          {
            "site": "matadorbet",
            "sort": "2"
          },
          {
            "site": "betturkey",
            "sort": "3"
          },
          {
            "site": "ligobet",
            "sort": "4"
          },
          {
            "site": "onwin",
            "sort": "5"
          },
          {
            "site": "zbahis",
            "sort": "6"
          },
          {
            "site": "sahabet",
            "sort": "7"
          },
          {
            "site": "fixbet",
            "sort": "8"
          },
          {
            "site": "bankobet",
            "sort": "9"
          },
          {
            "site": "betkom",
            "sort": "10"
          },
          {
            "site": "tarafbet",
            "sort": "11"
          },
          {
            "site": "bahiscom",
            "sort": "12"
          },
          {
            "site": "mariobet",
            "sort": "13"
          },
          {
            "site": "xslot",
            "sort": "14"
          },
          {
            "site": "starzbet",
            "sort": "15"
          }
        ]
      },
      {
        "id": 1705945139478,
        "svg": "<svg xmlns=\"http://www.w3.org/2000/svg\" xmlns:xlink=\"http://www.w3.org/1999/xlink\" height=\"800px\" width=\"800px\" version=\"1.1\" id=\"Layer_1\" viewBox=\"0 0 511.882 511.882\" xml:space=\"preserve\"><path d=\"M259.171,233.014c-0.125,0.484-12.731,48.484-50.079,104.077  c-34.287,50.984-97.111,119.104-201.798,153.984v0.016C3.061,492.496,0,496.48,0,501.197c0,5.889,4.78,10.668,10.668,10.668  c1.171,0,2.312-0.203,3.358-0.562v0.016c48.907-16.307,93.299-40.769,131.991-72.759c30.928-25.57,58.264-55.952,81.256-90.3  c39.16-58.529,52.031-107.889,52.562-109.951L259.171,233.014z\" style=\"fill: rgb(121, 170, 65);\"></path> <g><path d=\"M55.249,162.536C-9.809,225.47,83.818,283.842,83.818,283.842s-58.029,93.846,28.179,121.4   s169.699-167.667,169.699-167.667S120.307,99.617,55.249,162.536z\" style=\"fill: rgb(138, 192, 84);\"></path> <path d=\"M488.882,317.113c65.058-62.917-28.569-121.306-28.569-121.306s58.029-93.831-28.18-121.385   C345.926,46.868,262.42,242.089,262.42,242.089S423.825,380.047,488.882,317.113z\" style=\"fill: rgb(138, 192, 84);\"></path></g> <g><path d=\"M194.769,456.649c62.934,65.058,121.307-28.57,121.307-28.57s93.847,58.029,121.4-28.178   c27.554-86.209-167.667-160.373-167.667-160.373S131.85,391.59,194.769,456.649z\" style=\"fill: rgb(158, 211, 106);\"></path> <path d=\"M349.346,23.016c-62.918-65.058-121.307,28.569-121.307,28.569s-93.83-58.029-121.384,28.179   c-27.57,86.208,163.154,159.764,163.154,159.764S412.281,88.074,349.346,23.016z\" style=\"fill: rgb(158, 211, 106);\"></path></g></svg>",
        "grid": "2",
        "name": "Yonca Site",
        "sort": "2",
        "sites": [

        ]
      },
      {
        "id": 1705945154693,
        "svg": "<svg xmlns=\"http://www.w3.org/2000/svg\" id=\"f0c8d032-80e4-4a80-9c5a-ab8bd7ad0229\" enable-background=\"new 0 0 128 128\" height=\"512\" viewBox=\"0 0 128 128\" width=\"512\"><g><path d=\"m50 43-8-12-8 12 10 7z\" fill=\"#fbbc05\"></path><path d=\"m94 43-8-12-8 12 6 8z\" fill=\"#fbbc05\"></path><path d=\"m80 40-2 3 6 8 10-8-2.437-3.655s-5.066 5.983-7.563 5.655c-1.787-.235-4-5-4-5z\" fill=\"#f4950c\"></path><path d=\"m48 40 2 3-6 8-10-8 2.437-3.655s5.066 5.983 7.563 5.655c1.787-.235 4-5 4-5z\" fill=\"#f4950c\"></path><path d=\"m32 66h64l13-39-25 22-20-30-20 30-25-22z\" fill=\"#ffe161\"></path><path d=\"m32 66h64c2.209 0 4 1.791 4 4 0 2.209-1.791 4-4 4h-64c-2.209 0-4-1.791-4-4 0-2.209 1.791-4 4-4z\" fill=\"#ffe161\"></path><path d=\"m96 66 13-39-25 22-20-30-2.65 3.975c.727.657 1.67 1.022 2.65 1.025 0 0 13 22 17 28s6.06 8 4.03 14h-8.03l11.69.613c1.507.253 2.524 1.679 2.271 3.186-.217 1.292-1.309 2.255-2.618 2.307l-47.343 1.894h54.774c2.298.033 4.188-1.803 4.221-4.101 0-.03.001-.061 0-.091-.099-2.133-1.859-3.811-3.995-3.808z\" fill=\"#fbbc05\"></path><g fill=\"#ff1849\"><circle cx=\"19\" cy=\"27\" r=\"4\"></circle><circle cx=\"109\" cy=\"27\" r=\"4\"></circle><circle cx=\"64\" cy=\"19\" r=\"4\"></circle></g><circle cx=\"42\" cy=\"31\" fill=\"#e00e45\" r=\"3\"></circle><circle cx=\"86\" cy=\"31\" fill=\"#e00e45\" r=\"3\"></circle><g><g fill=\"#ff1849\"><path d=\"m61.933 80h4c1.105 0 2 .895 2 2v29c0 1.105-.895 2-2 2h-4c-1.105 0-2-.895-2-2v-29c0-1.105.896-2 2-2z\"></path><path d=\"m53.132 82.511-7.672 29c-.232.877-1.026 1.489-1.933 1.489h-4.921c-.908 0-1.701-.611-1.933-1.489l-7.672-29c-.282-1.068.354-2.162 1.422-2.445.167-.044.339-.066.511-.066h4.052c.944 0 1.76.661 1.956 1.585l4.125 19.415 4.123-19.415c.196-.924 1.012-1.585 1.956-1.585h4.052c1.105 0 2 .895 2 2 .001.173-.022.345-.066.511z\"></path><path d=\"m73.933 82v29c0 1.105.895 2 2 2h4c1.105 0 2-.895 2-2v-7h5.133c6.627 0 12-5.373 12-12 0-6.627-5.373-12-12-12h-11.133c-1.104 0-2 .895-2 2zm13 14h-5v-8h5c2.209 0 4 1.791 4 4 0 2.209-1.79 4-4 4z\"></path></g><path d=\"m66.8 89c0 5 1 20-4 21-1.03.151-2.075-.149-2.867-.825v1.825c0 1.105.895 2 2 2h4c1.105 0 2-.895 2-2v-29c0-1.105-.895-2-2-2h-1.133c2 0 2 4 2 9z\" fill=\"#e00e45\"></path><path d=\"m49.933 87c-1 5-5 22-9 23-1.684.484-3.497.15-4.899-.901l.638 2.412c.232.877 1.026 1.489 1.934 1.489h4.921c.908 0 1.701-.611 1.933-1.489l7.672-29c.282-1.068-.354-2.162-1.422-2.445-.167-.044-.339-.066-.511-.066h-2.265c1.999 0 1.999 2 .999 7z\" fill=\"#e00e45\"></path><path d=\"m86.933 102h-4.778c-.675.003-1.221.549-1.225 1.224-.027 4.113.003 6.776-4.13 6.776-1.018.029-2.02-.259-2.867-.825v1.825c0 1.105.895 2 2 2h4c1.105 0 2-.895 2-2v-7h5.133c6.265-.002 11.473-4.827 11.954-11.074-2.535 6.41-8.087 9.074-12.087 9.074z\" fill=\"#e00e45\"></path></g><path d=\"m31.333 64 .667 2h64l.667-2z\" fill=\"#fbbc05\"></path></g></svg>",
        "grid": "4",
        "name": "Vip Site",
        "sort": "4",
        "sites": [
          {
            "site": "alobet",
            "sort": "8"
          },
          {
            "site": "xslot",
            "sort": "7"
          },
          {
            "site": "sbetin",
            "sort": "3"
          },
          {
            "site": "betmatik",
            "sort": "10"
          },
          {
            "site": "roketbet",
            "sort": "9"
          },
          {
            "site": "mrbahis",
            "sort": "5"
          },
          {
            "site": "lionbet",
            "sort": "4"
          },
          {
            "site": "benjabet",
            "sort": "11"
          },
          {
            "site": "pradabet",
            "sort": "1"
          },
          {
            "site": "bahisbey",
            "sort": "2"
          },
          {
            "site": "padisahbet",
            "sort": "6"
          }
        ]
      },
      {
        "id": 1705945167988,
        "svg": null,
        "grid": "7",
        "name": "Normal Site",
        "sort": "4",
        "sites": [
          {
            "site": "pusulabet",
            "sort": "8"
          },
          {
            "site": "lgbahis",
            "sort": "11"
          },
          {
            "site": "masterbetting",
            "sort": "9"
          },
          {
            "site": "piabet",
            "sort": "10"
          },
          {
            "site": "klasbahis",
            "sort": "5"
          },
          {
            "site": "monobahis",
            "sort": "6"
          },
          {
            "site": "caddebet",
            "sort": "7"
          },
          {
            "site": "betorspin",
            "sort": "2"
          },
          {
            "site": "meybet",
            "sort": "1"
          },
          {
            "site": "betpipo",
            "sort": "3"
          },
          {
            "site": "betturkey",
            "sort": "4"
          }
        ]
      },
      {
        "id": 1706090032063,
        "svg": null,
        "grid": "1",
        "name": "Slider",
        "sort": "1",
        "sites": [
          {
            "site": "pradabet",
            "sort": "4"
          },
          {
            "site": "gonebet",
            "sort": "3"
          },
          {
            "site": "betzula",
            "sort": "2"
          },
          {
            "site": "xslot",
            "sort": "6"
          },
          {
            "site": "roketbet",
            "sort": "7"
          },
          {
            "site": "vippark",
            "sort": "8"
          },
          {
            "site": "monobahis",
            "sort": "5"
          },
          {
            "site": "mariobet",
            "sort": "1"
          }
        ]
      },
      {
        "id": 1708437128106,
        "svg": null,
        "grid": "1",
        "name": "Karşılama",
        "sort": "1",
        "sites": [
          {
            "site": "mariobet",
            "sort": "3"
          },
          {
            "site": "betzula",
            "sort": "1"
          },
          {
            "site": "bahisbey",
            "sort": "2"
          }
        ]
      },
      {
        "id": 1710467148324,
        "svg": null,
        "grid": "1",
        "name": "Ticker Site",
        "sort": "1",
        "sites": [
          {
            "site": "mariobet",
            "sort": "1"
          },
          {
            "site": "betzula",
            "sort": "2"
          },
          {
            "site": "gonebet",
            "sort": "3"
          },
          {
            "site": "pradabet",
            "sort": "4"
          }
        ]
      },
      {
        "id": 1710467155101,
        "svg": null,
        "grid": "1",
        "name": "Kral Site",
        "sort": "1",
        "sites": [

        ]
      },
      {
        "id": 1710467161452,
        "svg": null,
        "grid": "3",
        "name": "Yonca Site",
        "sort": "1",
        "sites": [
          {
            "site": "betzula",
            "sort": "1"
          },
          {
            "site": "gonebet",
            "sort": "3"
          },
          {
            "site": "betkanyon",
            "sort": "2"
          }
        ]
      },
      {
        "id": 1714088874533,
        "svg": null,
        "grid": "1",
        "name": "VIP SİTELER",
        "sort": "1",
        "sites": [
          {
            "site": "pradabet",
            "sort": "2"
          },
          {
            "site": "mariobet",
            "sort": "1"
          },
          {
            "site": "gonebet",
            "sort": "3"
          }
        ]
      }
    ]
  }
}